国际特赦组织中文,https://twitter.com/amnestychinese
Bob Fu傅希秋,https://twitter.com/BobFu4China
财经真相,https://twitter.com/caijingxiang
曹長青,https://twitter.com/CaoChangqing
草祭,https://twitter.com/caojitw
陳破空,https://twitter.com/chenpokong
方政,https://twitter.com/fangzheng1989
高伐林,https://twitter.com/GaoFalin
高瑜,https://twitter.com/gaoyu200812
环球时报,https://twitter.com/GlobalTimes_CN
He Qinglian,https://twitter.com/HeQinglian
Hu Ping胡平,https://twitter.com/HuPing1
王军涛,https://twitter.com/juntaowang
冷山时评,https://twitter.com/lengshanshipin
韩连潮,https://twitter.com/lianchaohan
李一平,https://twitter.com/liyiping1911
郭宝胜 Baosheng Guo,https://twitter.com/milpitas95035
明鏡新聞網,https://twitter.com/MingJingNews
陈小平,https://twitter.com/MJTVxchen15
江峰,https://twitter.com/realjiangfeng
荣剑,https://twitter.com/rongjian1957
秦鹏,https://twitter.com/shijianxingzou
baiqiao tang 唐柏桥,https://twitter.com/tangbaiqiao
王丹,https://twitter.com/wangdan1989
文昭談古論今,https://twitter.com/wenzhaocomment
王力雄,https://twitter.com/wlixiong
王剑 Wong Kim,https://twitter.com/wongkim728
吾爾開希 Wu'er Kaixi,https://twitter.com/wuerkaixi
吴祚来,https://twitter.com/wuzuolai
夏業良,https://twitter.com/XiaYeliang
New China 中文,https://twitter.com/XinhuaChinese
楊建利 Yang Jianli,https://twitter.com/yangjianli001
章立凡 Zhang Lifan,https://twitter.com/zhanglifan
周锋锁 Fengsuo Zhou,https://twitter.com/ZhouFengSuo
