SilkRiver,https://twitter.com/DadingLi1
SilkRiver,https://twitter.com/DadingLi2
香港亲女,https://twitter.com/dayana_dy0
香港亲女,https://twitter.com/dayana_dy1
中国谣言粉碎机,https://twitter.com/deheng88
庸言,https://twitter.com/Fabianduduosaka0
庸言,https://twitter.com/Fabianduduosaka1
庸言,https://twitter.com/Fabianduduosaka2
庸言,https://twitter.com/Fabianduduosaka3
渤海郡守,https://twitter.com/freexoyo
黄止下,https://twitter.com/huangzhixia0
黄止下,https://twitter.com/huangzhixia1
黄止下,https://twitter.com/huangzhixia2
黄止下,https://twitter.com/huangzhixia3
Master.过客,https://twitter.com/lh9983
Phoenix TV凤凰卫视,https://twitter.com/PhoenixTVHK0
Phoenix TV凤凰卫视,https://twitter.com/PhoenixTVHK1
Phoenix TV凤凰卫视,https://twitter.com/PhoenixTVHK2
Phoenix TV凤凰卫视,https://twitter.com/PhoenixTVHK3
香港大公文汇传媒集团,https://twitter.com/takungwenwei_hk0
香港大公文汇传媒集团,https://twitter.com/takungwenwei_hk1
香港大公文汇传媒集团,https://twitter.com/takungwenwei_hk2
New China 中文,https://twitter.com/XinhuaChinese0
New China 中文,https://twitter.com/XinhuaChinese1
New China 中文,https://twitter.com/XinhuaChinese2
New China 中文,https://twitter.com/XinhuaChinese3
中国人民之声,https://twitter.com/US934926430
中国人民之声,https://twitter.com/US934926431
中国人民之声,https://twitter.com/US934926432
中国人民之声,https://twitter.com/US934926433
